left_out,rms_pre_loo
State_5,2.5138310776260493
State_23,13.38309533598737
State_25,6.939063437766507
State_6,12.092576767350193
State_2,9.654949837200158
State_31,9.444477351781588
