state,weight
State_5,0.283752910922684
State_23,0.23749582335711822
State_25,0.14067051468550568
State_6,0.11751955201180016
State_2,0.08459431833762365
State_31,0.06511199369819146
State_21,0.029715993443837498
State_49,0.0279812850538007
State_3,0.013157608489438479
State_22,2.283938844896298e-18
State_50,2.0523101701456665e-18
State_18,0.0
State_17,0.0
State_10,0.0
State_11,0.0
